Label,log.sigma.1.mm.3D_glcm_MCC,wavelet.LHH_glrlm_RunEntropy,log.sigma.1.mm.3D_glcm_Imc1,wavelet.HLH_glcm_Correlation,wavelet.LLH_glszm_GrayLevelVariance,wavelet.HLL_firstorder_90Percentile,log.sigma.2.mm.3D_glcm_Imc1,wavelet.LLH_glcm_Correlation,wavelet.HLL_glszm_ZonePercentage,wavelet.LLH_firstorder_Kurtosis
0,-1.176998015,0.115163782,1.005487184,0.472795723,-0.188042217,1.227809053,1.140382202,-0.128824864,1.109875427,0.788517333
0,-0.436261871,0.111576417,0.695647699,0.274532164,-0.114029303,0.143438124,-0.404289959,0.159968483,-0.19141083,-0.561953165
1,0.394640099,0.575990713,-0.287707975,-0.194950912,-1.088696784,-0.0319017,0.059527456,1.117847581,-0.512238648,-1.813209698
1,2.390290153,0.387277357,-2.306434025,-0.233126409,1.584686641,-1.560760106,-0.168649097,2.449278581,-0.881923866,1.22826186
1,0.092501916,-0.241236622,-0.110323718,-0.376270145,-0.144904411,-0.534297498,-0.56623095,0.100929333,-0.784052556,-0.135261793
0,-0.963548044,0.643412242,0.828724141,-0.39700351,0.191700065,0.568327376,-0.069956246,-1.214412996,-0.045138797,0.884657587
0,-1.619105825,-0.525593324,1.494451668,-0.300793106,-0.434092754,1.510950482,0.417424428,-0.616816477,0.888686543,-0.070057007
0,-0.525399325,1.194631995,0.623802918,-0.048037502,-0.108415222,0.341471998,-2.473530882,-0.598690997,-0.895705951,0.009121076
0,1.060118057,-0.642413073,-0.810006945,0.083164482,-0.074456449,-1.097380673,0.668263277,0.728001076,-0.624695505,0.278638829
1,1.731473018,-0.306904346,-1.201827121,0.432784832,1.152960628,-0.298749563,0.414539982,1.867519984,0.72605444,1.046031798
1,1.904223201,-0.158602822,-1.940945836,-0.230017953,0.424029464,-0.638276252,-0.62163799,0.750992203,-0.368266544,0.158580409
1,-0.44261496,0.773849448,0.537784807,0.073569279,-0.16199044,1.820148584,0.103162688,0.514074312,-0.251979,-0.62730623
0,-1.172804566,0.024589571,1.120226719,0.269649695,-0.320216157,2.279887783,1.163458199,0.038829618,0.589119758,-0.257734631
1,2.04377608,0.549576895,-1.903130862,0.445701335,1.40391762,-2.194899867,-0.576619347,3.774590068,-0.510166056,0.246665732
1,2.247822063,0.289234627,-2.055881722,0.306422432,1.756292645,-0.478856819,-0.152083388,2.284803755,-1.081510442,0.676020959
1,-0.568262811,1.040832935,0.442285921,0.403090409,0.068990393,0.836831805,0.705672695,-0.798716316,1.546678723,-0.437391981
0,-0.524484029,0.647668561,0.727069027,0.204637586,0.18573395,1.519977585,-0.706093997,-0.508969641,0.192746475,-0.959500854
0,0.059349892,-0.354263669,-0.712201596,0.262552316,-0.099523857,1.1450548,-0.7466029,1.122917354,0.052318071,-0.738039247
0,-0.264830084,2.284360208,0.338152048,0.201373694,0.28895844,-0.421685823,-0.710951169,0.125089499,-1.083770817,-0.640907631
0,-0.74080621,1.043693424,0.794944598,-0.060317017,-0.096551638,-0.012882495,-1.785442109,-0.716889929,-0.471916909,-1.082833422
0,-0.70069783,-0.903272249,0.856807838,0.475049516,-0.132756877,2.107186317,-1.485142238,-0.132421103,1.271518365,1.170065371
1,-0.223604137,0.330421165,0.523761835,0.465328332,0.260657826,1.18612515,-0.02160586,-0.731915242,0.392425142,0.424654214
1,-0.990290323,-2.96980481,0.856918049,0.620369312,-1.121665369,0.687845289,1.447621628,0.209464892,1.612477953,-1.481248683
0,-0.785109831,-1.420787017,0.54049535,-0.417926658,-1.590991415,-0.835736837,1.066322983,-0.096690646,0.802656525,-0.578533163
1,2.131490039,0.17470919,-2.018545809,0.420978888,2.932404154,-2.918352503,-0.657807634,3.386286054,-0.805579619,-0.283613853
0,-0.193779377,0.027330385,-0.231398855,-0.187285867,-0.332928489,-0.55770574,0.382512283,-0.211417756,-0.323186957,-1.500554256
0,0.517223401,0.12095443,-0.468463768,-0.293903673,-0.662479542,-0.186398334,-0.423552006,-0.114686239,-0.422976689,-1.01008163
1,0.000648408,0.196880426,-0.000492362,-0.048866229,-0.748321765,-0.184590602,0.082966173,-0.368740936,-0.484049665,0.942381507
1,0.778197048,-0.815969147,-0.728235491,0.307231887,0.634623018,-1.226159537,0.532095821,0.978993154,-0.242519212,1.059725825
0,0.199934068,0.307017979,0.178891999,-0.188347382,-0.028012524,-0.319078829,-0.113139691,-0.82155319,-0.619173243,-0.276944514
0,-0.956514829,-0.58747188,0.771758825,-0.330555081,-1.086539608,-1.650532546,1.106547532,-0.562205028,0.954485758,-0.382826612
0,-0.441202953,0.551208262,0.625349171,0.506683729,-0.488007701,1.83052388,0.499681967,-0.661220283,0.398114739,-0.694378284
0,-0.610943644,-1.675743332,0.869849857,-0.022968142,-1.303055441,1.283541823,1.304075691,-0.442550427,2.165191394,-0.958648111
1,2.093363976,-0.052034802,-1.601194013,-0.058058413,0.721211866,-0.471127421,-0.386914164,2.570418708,-0.129960364,0.063490662
1,0.891987143,0.986535008,-0.736073471,-0.066748915,0.763079405,-0.113336898,-1.494187915,-0.500703145,-0.970083675,0.294487424
0,-0.89770996,-1.219410502,0.773429593,-0.32807285,-1.01389398,0.57776535,0.467794216,-2.347107249,2.007273257,-1.313990874
0,-0.035242704,-0.717756097,0.125583252,-0.215610636,-0.219918878,-0.588014994,0.479920287,0.00733478,-0.527978572,0.545762699
1,-1.014881998,0.437382183,0.970332432,0.390710433,0.218362147,2.374190702,0.702431919,-0.228255823,0.088703363,1.083266247
1,2.427555005,-0.199067441,-1.535147699,0.347720816,3.968916742,-1.665474842,0.572700705,3.640768297,-0.130653785,4.34875947
1,1.730214202,-0.863810151,-1.437369509,-0.25166747,1.947830866,-1.295377401,-0.91307589,3.136425374,0.833387201,0.122601367
0,-1.180459693,0.021911796,1.045490939,-0.355949059,-0.694105932,0.715833047,0.765736575,-0.713701467,0.843295181,-0.944068061
1,-0.000115325,-0.318115163,0.210797906,-0.154844883,-0.190184078,-0.642358104,0.33806763,-0.053934261,0.549567485,0.762864295
1,0.770718848,1.009597282,-0.63792974,0.20717812,0.143763609,-0.439768749,-0.88526883,-0.239990637,-1.169649651,0.750572477
0,-0.760827525,0.215393865,0.662024365,0.161982732,-0.507009693,0.670791209,1.044234957,0.489480687,0.73860518,0.357145299
0,-0.987296396,0.317005463,0.865568465,-0.092030588,-0.398675772,2.249958643,-0.314512426,-0.275699885,0.175108745,-0.684043491
0,-0.732730863,0.417991472,0.923491898,-0.16125259,0.699356469,0.143090396,0.42838353,-0.878098711,0.36492476,0.218615014
0,-1.022252179,-1.944791742,0.77548005,-0.109824974,-1.388168578,-0.393154295,1.577383576,-0.23767252,1.194457294,-0.63599496
0,-1.317764389,-0.502936352,1.316711679,-0.536968445,-0.704410052,3.060858287,1.413093294,-0.608468759,1.017906688,-0.094503154
0,0.116746392,0.890841207,0.096388513,-0.108423678,0.174431277,-1.272888914,-0.041084108,-0.228862705,-0.713484807,1.632620087
1,1.04676697,0.03804212,-0.871230829,-0.46732895,0.989448985,-0.251510827,-0.163777322,-0.599992623,-0.505493985,0.307439962
0,-1.064513222,-0.149832562,1.006151515,-0.273950789,-0.707476841,0.322760922,-0.00598629,-0.627655204,0.367207136,-1.381251777
0,0.03107131,0.213785092,0.214811448,-0.052357498,-0.128315885,-0.368049014,0.595100003,-0.877618178,-0.52762692,-0.627385573
0,-0.826000848,0.502543895,0.926478752,0.565788229,0.178638258,-0.194283303,0.194633478,-0.536873196,-0.50757289,0.717183281
0,-0.338206743,0.104072638,0.562290281,-0.022027257,-0.34899452,0.677782555,-1.5915602,-0.433142543,0.055635759,-0.198037197
0,0.830529531,-0.358685223,-0.672749968,0.481290511,0.244504756,-1.910371445,0.560410941,-0.342257848,-1.473278539,-0.088645361
1,0.674291747,1.421381288,-0.455216182,0.040006913,0.440513981,0.127142391,-3.211600561,-0.153312506,-0.855549453,0.323963941
1,0.910976914,-0.299534418,-0.587728935,0.19793159,-0.01430408,-1.151288718,0.278463994,-0.001826131,-0.73031036,1.080478452
0,-0.357446612,-0.129715986,0.546714296,-0.759244778,-0.467965937,-0.489344197,-0.352161941,-0.846441014,-0.341485126,-0.136852687
1,-0.432516839,0.56227855,0.509328377,-0.144666754,0.382658989,-0.728407515,-0.462577639,-0.062024832,-0.702793642,0.454091205
0,0.449864296,-1.5681053,-1.942699444,0.052458758,-0.798983301,-0.254786144,0.486784437,1.425523329,-0.290059473,-0.300277364
1,-0.454312378,0.65139535,0.50586814,0.216465037,0.515414296,0.045254779,-0.784691443,0.534363356,-1.115706648,2.053153478
1,-0.987011534,1.217278567,1.109911783,0.531780193,-0.026724429,1.284947791,-0.680699449,-0.531094589,0.168185092,0.797143792
1,-0.075924236,1.208317949,0.264225576,0.277868762,-0.105748619,-0.743597021,-1.112081311,-0.596088844,-1.160837291,-0.495440245
0,0.374681482,0.808374917,-0.113596083,-0.371949301,0.431427031,0.318829042,-1.592581411,-0.194685643,-0.687204763,-0.042073392
0,-0.208973898,-1.442033793,0.214890621,0.04341549,-0.630673463,0.674999473,0.613519497,0.119746359,0.282470776,-0.075087561
0,0.078293847,-0.688609737,-0.081568801,-0.012623706,-0.242641831,-0.015533268,1.339314662,-0.098189644,-0.614481879,0.74794079
0,0.189806542,-0.199888519,-0.305522032,0.019171239,-0.256170244,-0.698198029,-0.440899654,-0.23027516,-0.20547174,-1.825997178
0,-0.657048618,0.504352238,0.687155245,0.007605883,0.313312183,0.39531291,-0.649238124,-0.397399499,0.07242208,0.885304907
1,0.41046132,0.16217303,-0.094255618,0.124431984,-0.10404052,0.207696371,-1.274332318,-0.672721498,-0.58988867,0.500619612
0,-0.390259168,-0.264808804,0.538566835,-1.840327966,0.225051974,0.481513383,0.561904991,-0.314741743,1.740658245,-0.657211613
0,-0.540508739,0.190477677,0.495593792,-0.292798415,-1.01977539,0.863146893,0.165832014,0.480994824,-0.319387127,-1.453343515
1,1.889859485,-0.101921072,-2.088682382,-0.366801562,0.842244227,-1.160675797,-0.591555124,2.090781804,-1.363612129,-0.996868647
1,-0.369675383,0.699873235,-0.126526032,0.419418664,-0.742426856,-0.210273313,1.107320033,0.85356034,-0.312579582,-0.244200268
0,0.923243743,0.77492483,-0.729979558,0.142870086,0.242940241,-0.276456994,-0.137776448,-0.443331563,-0.281213117,0.661224791
1,2.759093319,0.628970268,-2.686743573,-0.108610471,5.007073501,-0.515982821,-0.011795255,3.577677823,-1.262584015,1.60618878
0,0.888715139,0.114420413,-0.639686728,0.167589592,0.064672476,-1.281637929,0.025925214,-0.092700116,-1.339150533,-0.558948462
0,-0.429276395,-0.446227208,0.467917161,-0.93612004,-0.437550125,-0.217459995,0.8551001,0.155407747,0.189066156,2.487003613
0,-0.737128893,0.606226521,0.335083395,0.343164648,-1.047839787,-0.70485705,0.557061145,0.069354237,0.081765667,-1.695321875
0,-0.661672843,-0.07937272,0.702410115,-0.715247008,0.145526388,1.053259857,0.570220501,-0.753259642,0.556829611,1.710687332
1,1.491802482,0.473538353,-2.742669664,1.024296252,6.964444079,-0.940365442,-3.504624784,3.874752908,2.115922509,-0.72384915
1,-0.253130003,0.378461245,0.40080277,-0.291269636,0.10543088,-0.070384984,-0.912167585,-0.940737891,-0.631627782,-0.803189604
0,-1.578127831,-2.195631186,1.358684513,0.026792071,-1.092880546,1.102385476,1.729809934,-0.508045093,1.445923675,0.272139947
0,-1.017207995,-0.070139117,0.830412927,-0.265491086,-0.307616121,-0.186981546,1.028907175,-0.993964365,0.598616438,1.233880852
0,-0.550342193,-0.801185622,0.524944013,0.096507874,-0.300208483,1.245833888,0.077238983,-0.736795536,-0.317099145,-0.323800274
0,-1.078596131,1.299084075,0.878593338,-0.426954666,0.063619778,0.287690145,-0.02580899,0.052692933,-0.319677083,1.543270911
1,0.118343063,0.951115894,0.036711715,0.23493178,0.12327838,-0.215987917,-1.290430416,-0.483237063,-0.712009019,0.259535099
0,-0.756482509,0.981499698,0.84770448,0.226508911,-0.178818538,0.706667755,-1.064696737,-0.730443766,-0.388754016,-0.82164148
0,-0.28978721,-0.403644478,0.350132148,-0.781906411,-0.405262243,0.834105163,-0.352348933,-0.992252628,0.998351907,-0.476162025
1,-0.054579667,-1.042013044,0.161604816,1.19808197,0.240768374,-1.078464529,1.276734862,-0.580939956,-0.106042837,-0.294374609
1,-0.656473847,0.302674186,0.48255808,0.579342014,0.781732343,-0.893858421,-0.059741238,-0.03395038,-0.616563017,3.296962719
0,-0.815395866,0.979421514,0.858324846,-0.169754363,-0.347437836,-0.32586414,0.643157167,-0.865897557,0.199181627,1.222081251
0,-0.696719336,-0.35715713,0.742342811,-0.336650232,-0.568173574,-0.130446953,-0.59131102,-0.572402149,-0.141923862,-0.77081364
1,-0.39330982,-1.139498963,0.130030367,0.932266839,-1.120554621,-1.551266783,0.931225476,-0.496814736,0.123731269,0.26099111
1,1.756781879,-0.932450878,-1.462597816,-0.150686925,1.729593943,-0.570561557,-0.163622529,1.114684974,0.198734729,0.18445474
0,-0.742525677,0.306708112,0.666839867,-0.557436369,-0.518449465,1.152701865,0.996567337,-0.783417923,0.690423109,-1.475534423
0,-0.700107421,0.075351691,-0.044309876,-11.40027723,-2.017758952,-1.060837725,1.471152196,0.537789663,5.856527571,-1.3685179
0,0.383410779,-0.232390055,-0.332335249,-0.161982807,-0.147186788,-0.558082265,-0.0160798,-0.463988469,-0.724317934,0.054123421
1,0.805178597,1.655790038,-0.702613616,0.000551706,0.709278367,-0.319956984,-1.486826142,-0.501033312,-1.449812699,0.5340807
1,2.364177823,0.554995004,-2.007061931,0.138800576,1.762960005,-1.198440306,0.211588837,2.102428818,-0.832618552,0.446696422
1,2.76090963,0.836457057,-3.619892036,0.066500715,0.854802459,-0.42468477,-1.586121206,1.296330518,-1.536422046,0.978851869
0,-0.392577203,0.604227014,0.594550647,0.26948131,0.027752871,1.23542055,-0.37287473,-0.09421511,-0.160183924,0.051165564
0,-0.786318099,-0.26803839,0.685097105,0.259503354,-0.778071563,1.468452812,0.631660293,-0.454922037,0.724188491,-0.183006041
0,1.237065223,0.387886141,-0.886287072,-0.579223624,-0.129784238,-1.252415059,0.280351014,-0.205558897,-0.471611601,-0.832070207
1,1.482071878,0.804786759,-1.57653872,0.152882154,0.417470229,-0.858903116,-0.977897675,0.01728717,-1.596897449,0.347201744
1,2.510002615,0.7138592,-3.18727402,0.044834866,0.587816683,-0.862475847,-1.861634235,0.75181085,-1.335274535,0.531403668
0,0.455173398,0.491679615,-0.258767265,0.010624406,0.019399742,-0.332020283,-0.554937516,-0.291028727,-0.703408553,-0.091742506
0,-0.684958528,-1.071721011,0.288031843,-0.158131464,-0.032033572,-0.469829496,1.09505972,-0.406159869,-0.063846311,1.14202439
1,-0.983516555,0.352063027,1.118055047,0.409902818,0.002428726,1.430725036,0.664689809,-0.576157882,0.499317964,0.484101992
1,1.869875457,0.318004716,-2.063790438,0.108196642,0.333998366,-0.816224723,-0.868140088,0.177119351,-1.284036433,0.370182354
0,-0.710426253,0.820241573,0.899038525,0.259351892,0.192998147,0.055007448,-1.675289011,-0.299831835,-0.611103173,-0.021544708
1,1.113431409,-0.12020632,-0.84507699,-0.484285141,0.296850805,-0.643558619,-0.244058752,-0.62160496,-0.729974243,-1.003423617
0,-1.177342085,-0.602251982,1.182282735,-0.286369802,0.02739222,3.342072562,0.409445074,-0.32057991,0.948622466,1.310366107
0,-0.408357896,-1.831318306,0.190805639,0.100988471,-1.332401491,0.402282864,1.805875934,0.218769313,0.618612575,-0.377533044
0,-0.263507188,0.942370287,0.298228657,0.178591874,-0.713090342,0.663027185,-0.646908652,-0.903411158,0.046009005,-1.393709136
0,-0.348505308,0.073845325,-0.346893176,0.308068004,-1.1816059,-1.120477214,0.231889862,1.060001841,-1.350586883,0.801450698
1,2.403247089,0.559445911,-2.585407806,-0.268923351,1.857865686,-0.605283307,-0.407473022,1.244605302,-1.30548146,1.069465142
0,-0.471098582,0.127155722,0.460679838,0.274554989,-0.284923117,0.541976928,-0.257998923,-0.181924305,0.289244494,-0.858740996
0,-0.394345918,-0.550128591,0.409904824,0.038501685,-0.1494643,1.115522054,0.414187038,-0.06318458,0.234212151,0.907716905
0,-0.831817082,-0.916572658,0.706698487,0.281695449,-0.598960358,0.27124257,1.118766099,-0.801212348,1.096297814,-0.29684577
0,-0.51983783,-0.52367431,0.415735881,-0.495683835,-0.815335025,-0.65762256,1.635405176,-0.909244196,0.485305061,-1.411857976
0,0.304238728,-0.142456142,-0.037710212,-0.073120613,0.944282913,-0.669777215,0.229745897,-0.007659225,-0.347564669,0.037086169
1,-0.157275267,1.91246392,-0.399451872,0.482658198,-0.426214273,-0.06308459,-0.578079925,0.969453278,-0.892296266,-0.164589489
0,-0.375783523,0.747371632,0.657395862,0.721871243,-0.10854037,0.266128704,-0.742401576,0.14287037,0.160882979,-0.102445379
0,-0.595774603,-1.39810282,0.4993417,-0.716703596,-0.714841244,1.952429722,1.625285182,-1.345205265,0.637308141,-0.950080324
0,1.324637726,0.176007724,-1.175458343,-0.297470725,-0.276657709,-0.900976258,-0.532860614,-0.043775028,-0.89864267,-0.113913967
0,-0.319942547,2.859383827,-0.000621966,0.771486684,-0.102622342,-0.595701495,-1.096760578,1.186043113,-1.392353048,-0.711227777
0,-0.574306234,0.761592167,0.665081326,-0.069797002,-0.088893593,0.16844769,-1.089114675,-0.890250844,-0.284732875,-0.085959831
0,-0.930614738,0.740290822,1.002349218,-0.33296918,-0.344825781,0.694559066,0.614063937,-0.490297515,0.609792979,-0.139184628
0,-0.751022333,-0.435623852,0.805905834,-0.729186815,-0.719738981,0.137410451,1.027116113,-0.733240193,1.816626111,-1.123897011
1,-0.575088983,1.20104097,0.657759576,-0.118377749,0.348479405,-0.29478504,-0.378494663,-0.280749157,-1.027783228,-0.315046249
1,0.438093816,0.864149746,-0.090314042,0.226675043,-0.103406401,-0.120679653,-0.330221905,-0.347061114,-0.40911985,-0.178995158
0,-0.637349413,-0.609416957,0.217635518,-0.091189737,-0.176539306,0.569408894,0.629147278,1.027405713,-0.574171102,0.134749513
0,-1.090796789,-1.216778281,0.989401985,0.83732335,-0.96745249,-0.355725973,0.220400764,0.267887863,0.570218318,-1.688797432
0,0.721645658,0.320806701,-0.594400514,0.726176285,0.149695314,0.518635231,-0.396091723,-0.088664654,0.015860937,0.436735125
1,-0.011847654,0.491236634,0.180238796,-0.476324207,0.431628951,-0.234556796,-1.062393989,-0.073639776,0.429549074,1.425547086
0,-0.107153395,-2.36578319,0.05140463,0.207503219,-0.535515232,-0.002899901,-0.347277805,-0.806252055,1.18183679,0.371211442
0,-0.683605581,-0.432365504,0.583922991,0.500840108,-1.279735064,-0.273503357,0.85618239,-0.114346778,0.668602887,-0.2954249
0,-0.040850728,1.034513867,0.322100932,0.030082762,0.063601036,0.131535728,-2.647263033,-0.250289588,-0.28372491,0.535972423
1,0.077734448,1.341223208,0.186619657,-0.090639524,0.356723514,0.265643531,-2.560014388,-0.167140255,-0.671224383,0.461135283
1,1.057959886,0.821168556,-0.772140817,-0.107658939,0.53834338,0.04155967,-1.764353481,-0.473975531,-0.761684185,-0.927221492
0,-0.614508547,0.554222856,0.809599716,0.291337434,-0.455184242,0.397751697,0.20948015,0.063143941,0.117479234,0.14959168
0,0.21421815,-0.152780456,-0.167631129,0.171422478,-0.649524238,-0.567837197,0.378469258,-1.042634839,-0.199747407,-0.35089731
0,-0.602977002,1.039655024,0.885776921,-0.080781646,0.339750321,1.189728233,-0.321654636,-0.673436961,-0.039148495,0.485649417
0,-0.573775365,-0.734406971,0.252995995,0.746209057,-0.858072076,-1.691879705,2.154126653,-1.631237281,0.524597526,-1.968306323
0,-0.838718514,1.596573708,1.047625764,0.276961316,0.038722334,1.240933472,-0.97485292,0.030439452,-0.034960706,-0.544425233
0,-0.865094017,1.515426487,0.920862922,0.05038363,-0.265420302,-0.054411682,-1.208744604,-0.24898253,-0.692244592,0.146794515
0,-0.534227015,0.939396034,0.635017782,-0.299776219,-0.331932228,-0.235031829,-0.353197794,-0.244949173,-0.151730007,-0.506753591
1,-0.502255794,1.465479564,0.786400259,-0.055359098,0.235746563,0.596384284,-1.698990959,-0.369198276,-0.152063214,-0.049264391
0,-0.262774466,-1.583407852,-0.453103108,0.103577656,-0.641505983,1.193704083,1.590906994,0.756304596,0.11225575,-0.298148994
0,-0.037595035,1.103214532,0.202571487,0.457549692,-0.063329729,0.233434636,-0.591497131,-0.155977918,-0.439539552,-0.175822497
0,-0.319637269,-3.210825873,-0.217042754,-1.292725819,-0.3430247,0.411945387,2.609891576,-0.337645354,2.63599954,3.726198265
1,1.616012865,-0.519943354,-1.25905409,0.529580167,1.62717719,-1.191579903,0.326676738,1.760938236,-0.035728756,0.382328047
1,0.730744538,0.605997311,-0.679343667,-0.084598161,-0.169144491,-0.681716239,-1.238240536,-0.417556882,-1.064136695,0.217287007
0,-1.397502092,0.422189806,1.286763219,0.214419965,-0.260231425,-0.135226625,-1.343385736,-0.508004686,-0.282389357,-0.343062962
1,1.314793714,-0.036788295,-1.090152663,0.201194487,1.775547875,-1.011132425,0.392589686,0.710832624,-0.318385397,0.754842029
0,-0.536054402,0.667805411,0.300846838,-0.050660914,-0.881132499,-0.123185685,0.337954325,0.281498674,0.327165761,-1.252409563
0,1.204027338,-0.795980789,-0.898925482,0.145096923,-0.104331138,-1.684304919,0.582451325,0.847019893,-0.795627787,-0.06239645
0,1.001241965,0.21809232,-0.893397883,-0.586391053,0.045657361,-1.543742527,-0.315235725,-0.51814939,-0.948008356,0.281048521
0,-0.654843282,0.948485758,0.756834281,-1.546705862,0.417650589,1.134483823,0.818359466,-0.473914055,0.754027664,2.030788938
0,-0.873055417,-0.599690848,0.488265203,0.069238449,-1.050962961,-0.528066246,0.669902451,-1.005724375,0.222899762,-1.50506997
1,0.09136422,0.231460565,0.029096673,-0.144296387,-0.117027095,0.716686947,-0.426423577,-0.733856011,-0.116825061,0.762563355
0,-0.783553582,1.188083501,0.825574306,0.99331167,-0.319574006,1.438555857,0.270110922,-0.6083167,0.426220932,-1.205001383
1,1.994130035,-0.172385308,-1.655327996,-0.066670011,1.25628692,-0.946459177,-0.096016801,2.896002125,-0.120769776,1.192933957
0,-1.031775084,-0.286759629,0.986248029,-0.034967372,0.029477943,1.184952175,-0.59640877,-0.909377848,0.338176368,-0.745533196
