Label,log.sigma.1.mm.3D_glcm_MCC,wavelet.LHH_glrlm_RunEntropy,log.sigma.1.mm.3D_glcm_Imc1,wavelet.HLH_glcm_Correlation,wavelet.LLH_glszm_GrayLevelVariance,wavelet.HLL_firstorder_90Percentile,log.sigma.2.mm.3D_glcm_Imc1,wavelet.LLH_glcm_Correlation,wavelet.HLL_glszm_ZonePercentage,wavelet.LLH_firstorder_Kurtosis
1,1.200387532,0.809876973,-1.215090753,0.212002433,0.168776058,-0.995261469,-2.22531872,-0.31986907,-1.443846032,0.589195891
0,-0.637349413,-0.609416957,0.217635518,-0.091189737,-0.176539306,0.569408894,0.629147278,1.027405713,-0.574171102,0.134749513
1,2.759093319,0.628970268,-2.686743573,-0.108610471,5.007073501,-0.515982821,-0.011795255,3.577677823,-1.262584015,1.60618878
1,0.092501916,-0.241236622,-0.110323718,-0.376270145,-0.144904411,-0.534297498,-0.56623095,0.100929333,-0.784052556,-0.135261793
0,-0.41327136,-0.802797382,0.323491016,-0.35739314,-0.206189434,-0.197519421,0.725299231,-0.389276116,0.379619827,-0.436483229
0,-0.588185589,-0.381139382,0.56596295,0.477110319,0.407401926,0.100816344,0.490453204,-0.980449693,0.325489827,-0.44857098
0,-1.397502092,0.422189806,1.286763219,0.214419965,-0.260231425,-0.135226625,-1.343385736,-0.508004686,-0.282389357,-0.343062962
0,-0.37062241,-1.667957572,0.30448303,0.937557247,-0.357248998,-0.125980033,0.243638912,-0.290529065,1.359494689,1.634182654
0,0.888715139,0.114420413,-0.639686728,0.167589592,0.064672476,-1.281637929,0.025925214,-0.092700116,-1.339150533,-0.558948462
0,-0.825020076,-0.602114555,0.74680927,-1.515107363,-0.85653182,-0.261034936,0.151175001,-0.641452016,0.601072108,-0.930498854
0,-0.572261655,-0.390666994,0.709005802,0.238874659,-0.171647021,0.921254508,-0.045313178,-0.354768137,0.409873857,-1.09582985
0,0.03107131,0.213785092,0.214811448,-0.052357498,-0.128315885,-0.368049014,0.595100003,-0.877618178,-0.52762692,-0.627385573
0,-0.128570877,-0.764583846,0.338457832,0.819118358,-0.057489974,-0.701122297,0.856242366,0.128260534,-0.31615052,-0.008774185
0,-0.89770996,-1.219410502,0.773429593,-0.32807285,-1.01389398,0.57776535,0.467794216,-2.347107249,2.007273257,-1.313990874
0,-1.180459693,0.021911796,1.045490939,-0.355949059,-0.694105932,0.715833047,0.765736575,-0.713701467,0.843295181,-0.944068061
0,-0.742525677,0.306708112,0.666839867,-0.557436369,-0.518449465,1.152701865,0.996567337,-0.783417923,0.690423109,-1.475534423
0,-0.107153395,-2.36578319,0.05140463,0.207503219,-0.535515232,-0.002899901,-0.347277805,-0.806252055,1.18183679,0.371211442
1,1.904223201,-0.158602822,-1.940945836,-0.230017953,0.424029464,-0.638276252,-0.62163799,0.750992203,-0.368266544,0.158580409
1,1.756781879,-0.932450878,-1.462597816,-0.150686925,1.729593943,-0.570561557,-0.163622529,1.114684974,0.198734729,0.18445474
1,0.891987143,0.986535008,-0.736073471,-0.066748915,0.763079405,-0.113336898,-1.494187915,-0.500703145,-0.970083675,0.294487424
0,-0.208973898,-1.442033793,0.214890621,0.04341549,-0.630673463,0.674999473,0.613519497,0.119746359,0.282470776,-0.075087561
0,0.208233164,0.44593643,-0.027295747,-0.273313544,-0.233957009,-0.736934806,-0.706567263,-0.834005693,-1.298907965,0.632056407
0,-1.329414844,0.669160476,1.151984681,0.968707028,-0.862635856,0.354508715,1.62847682,-0.502495186,0.761918142,-0.120458464
1,0.055078899,1.560748361,0.338936677,-0.062097069,0.41077245,0.333440077,-2.374577223,-0.105409467,-0.760123805,0.020013491
0,-1.172804566,0.024589571,1.120226719,0.269649695,-0.320216157,2.279887783,1.163458199,0.038829618,0.589119758,-0.257734631
0,-1.406174656,1.160204948,1.272701605,0.33938794,-0.116499535,0.073784241,0.899935093,-0.160335619,-0.111886098,1.881236757
0,-0.446345729,-1.424581405,0.124978666,0.065514119,-1.083820823,0.088789735,1.773049394,-0.913314498,1.649785356,-0.833565598
0,-0.900522229,1.206709213,0.738639734,-0.343031769,-0.19495722,-0.623725229,-0.474914916,-1.392541919,-0.272325944,0.086962068
1,-0.000115325,-0.318115163,0.210797906,-0.154844883,-0.190184078,-0.642358104,0.33806763,-0.053934261,0.549567485,0.762864295
0,-1.299785062,0.209382768,1.282066424,-0.0565425,-0.056873407,1.012683186,-0.278651091,-0.384838673,0.771589071,-0.048067314
0,-0.760261341,0.288295234,0.807851079,-0.241579767,-0.334155188,-0.416891477,-0.690509347,-0.780936512,-0.312579582,-0.814843609
0,1.686895343,-0.44318041,-1.297183584,-0.528409127,4.684128375,-0.128261109,-0.727052075,2.865112335,0.409963653,-0.655221525
1,1.491802482,0.473538353,-2.742669664,1.024296252,6.964444079,-0.940365442,-3.504624784,3.874752908,2.115922509,-0.72384915
1,-0.223604137,0.330421165,0.523761835,0.465328332,0.260657826,1.18612515,-0.02160586,-0.731915242,0.392425142,0.424654214
1,-0.473425961,0.321955425,0.713730651,0.105751403,-0.683862824,-0.086907963,-0.4282515,-0.418038877,-0.531003131,-1.325948553
0,-0.706716308,-0.308565691,0.642502128,0.240400952,-0.443002797,0.194675782,0.140657727,-0.416165791,0.471612756,-0.20031122
0,-0.657048618,0.504352238,0.687155245,0.007605883,0.313312183,0.39531291,-0.649238124,-0.397399499,0.07242208,0.885304907
0,-0.525399325,1.194631995,0.623802918,-0.048037502,-0.108415222,0.341471998,-2.473530882,-0.598690997,-0.895705951,0.009121076
0,-0.738497844,0.155243998,0.916969426,-0.2353645,-0.107063455,2.58611212,0.218619943,-0.073063382,0.351656903,1.289487462
1,0.730744538,0.605997311,-0.679343667,-0.084598161,-0.169144491,-0.681716239,-1.238240536,-0.417556882,-1.064136695,0.217287007
0,-0.228936046,-0.891452485,-0.120875797,0.871988886,-0.886501593,-0.409231225,1.025034909,-0.036687227,2.32804446,0.100918089
0,-0.534227015,0.939396034,0.635017782,-0.299776219,-0.331932228,-0.235031829,-0.353197794,-0.244949173,-0.151730007,-0.506753591
1,-0.990290323,-2.96980481,0.856918049,0.620369312,-1.121665369,0.687845289,1.447621628,0.209464892,1.612477953,-1.481248683
1,2.111318944,0.585805902,-2.363980937,-0.101137068,0.442170886,-0.389490251,-1.382241566,0.27928353,-1.18932122,0.386883081
1,2.76090963,0.836457057,-3.619892036,0.066500715,0.854802459,-0.42468477,-1.586121206,1.296330518,-1.536422046,0.978851869
1,1.330059169,-0.455903312,-1.142770672,-0.329962907,-0.042119777,-1.580374492,0.233046474,1.931012932,-0.287184219,-0.058884097
0,0.721645658,0.320806701,-0.594400514,0.726176285,0.149695314,0.518635231,-0.396091723,-0.088664654,0.015860937,0.436735125
1,1.490397692,-0.969658074,-1.335671097,0.576661578,1.219119719,-1.468722098,-0.099966609,2.756999397,-0.714462519,-0.37510525
0,-0.262774466,-1.583407852,-0.453103108,0.103577656,-0.641505983,1.193704083,1.590906994,0.756304596,0.11225575,-0.298148994
1,-0.928058893,0.821924512,0.723714137,-0.970481558,-0.322492388,-0.597333308,0.609394035,0.066013021,-0.347253434,-0.990581014
0,-0.737128893,0.606226521,0.335083395,0.343164648,-1.047839787,-0.70485705,0.557061145,0.069354237,0.081765667,-1.695321875
0,0.383410779,-0.232390055,-0.332335249,-0.161982807,-0.147186788,-0.558082265,-0.0160798,-0.463988469,-0.724317934,0.054123421
1,0.394640099,0.575990713,-0.287707975,-0.194950912,-1.088696784,-0.0319017,0.059527456,1.117847581,-0.512238648,-1.813209698
1,1.589371215,-1.449598897,-1.294078883,-0.422058002,1.658991938,-0.816806692,0.125422118,1.877104965,-0.405607621,-0.131152575
0,-0.599270443,0.249202031,0.823337837,0.191774457,-0.450644198,0.221566964,-0.857923732,-0.333003674,0.222610853,-0.905625745
1,0.473249055,0.266372275,-0.169554792,-0.059867834,0.218000009,0.027722945,-0.486022165,-0.342981927,-0.262392511,0.310065945
1,1.425738236,-0.654495861,-1.231592426,0.342693241,0.255957197,-1.306930179,0.118050869,1.349577994,-0.917158292,-0.210475888
1,0.077734448,1.341223208,0.186619657,-0.090639524,0.356723514,0.265643531,-2.560014388,-0.167140255,-0.671224383,0.461135283
0,-0.930614738,0.740290822,1.002349218,-0.33296918,-0.344825781,0.694559066,0.614063937,-0.490297515,0.609792979,-0.139184628
0,1.204027338,-0.795980789,-0.898925482,0.145096923,-0.104331138,-1.684304919,0.582451325,0.847019893,-0.795627787,-0.06239645
0,-0.574306234,0.761592167,0.665081326,-0.069797002,-0.088893593,0.16844769,-1.089114675,-0.890250844,-0.284732875,-0.085959831
0,-0.394345918,-0.550128591,0.409904824,0.038501685,-0.1494643,1.115522054,0.414187038,-0.06318458,0.234212151,0.907716905
0,0.923243743,0.77492483,-0.729979558,0.142870086,0.242940241,-0.276456994,-0.137776448,-0.443331563,-0.281213117,0.661224791
0,-0.786318099,-0.26803839,0.685097105,0.259503354,-0.778071563,1.468452812,0.631660293,-0.454922037,0.724188491,-0.183006041
1,-0.987011534,1.217278567,1.109911783,0.531780193,-0.026724429,1.284947791,-0.680699449,-0.531094589,0.168185092,0.797143792
0,-0.690342037,0.47126646,0.708701468,0.723758693,-0.346989251,-0.043586137,1.601547769,-0.067644996,1.044959679,-0.665431875
0,-0.873055417,-0.599690848,0.488265203,0.069238449,-1.050962961,-0.528066246,0.669902451,-1.005724375,0.222899762,-1.50506997
0,-0.700107421,0.075351691,-0.044309876,-11.40027723,-2.017758952,-1.060837725,1.471152196,0.537789663,5.856527571,-1.3685179
0,1.060118057,-0.642413073,-0.810006945,0.083164482,-0.074456449,-1.097380673,0.668263277,0.728001076,-0.624695505,0.278638829
0,-0.818004791,-1.192965289,0.690592276,-0.53316227,-0.937762742,1.264512712,0.730459223,-0.328690303,0.248282007,-1.299520647
0,0.170472542,0.155942134,-0.044690503,-0.2664583,-0.608115175,-0.828809499,-0.448142848,-0.712178039,-0.708262171,-0.114483458
0,-0.035242704,-0.717756097,0.125583252,-0.215610636,-0.219918878,-0.588014994,0.479920287,0.00733478,-0.527978572,0.545762699
0,-0.436261871,0.111576417,0.695647699,0.274532164,-0.114029303,0.143438124,-0.404289959,0.159968483,-0.19141083,-0.561953165
0,-0.536054402,0.667805411,0.300846838,-0.050660914,-0.881132499,-0.123185685,0.337954325,0.281498674,0.327165761,-1.252409563
1,2.245708854,1.220115657,-2.750243593,-0.00549321,0.942553669,-0.154699854,-1.988720478,0.465396667,-1.482590116,0.746418444
0,-0.319942547,2.859383827,-0.000621966,0.771486684,-0.102622342,-0.595701495,-1.096760578,1.186043113,-1.392353048,-0.711227777
1,2.183088352,0.228337333,-2.360137912,0.042177572,0.785801729,0.203025959,-0.62417795,0.524142893,-0.959319836,0.319201963
1,0.000648408,0.196880426,-0.000492362,-0.048866229,-0.748321765,-0.184590602,0.082966173,-0.368740936,-0.484049665,0.942381507
0,-0.614508547,0.554222856,0.809599716,0.291337434,-0.455184242,0.397751697,0.20948015,0.063143941,0.117479234,0.14959168
0,-0.773338892,-1.368598259,0.706808745,0.139539796,-0.938920932,1.893925867,0.988562641,-1.198190154,0.712197048,-0.909023905
0,-0.348505308,0.073845325,-0.346893176,0.308068004,-1.1816059,-1.120477214,0.231889862,1.060001841,-1.350586883,0.801450698
0,-1.08199153,-0.44745765,0.986043562,0.015689465,-0.671935425,-0.255242692,0.36716713,-0.621834302,0.881199774,-0.175748127
1,1.994130035,-0.172385308,-1.655327996,-0.066670011,1.25628692,-0.946459177,-0.096016801,2.896002125,-0.120769776,1.192933957
0,-1.141682058,0.578341501,1.236105643,0.610765696,-0.291217497,1.196895402,-0.212659593,-0.457015463,0.846387042,-1.034908512
0,0.588893989,0.324689642,-0.736506305,-0.410262438,0.424568887,-1.21533394,-0.127406982,-0.452361859,-0.993452068,0.883791355
1,-0.750461279,-1.775505337,0.611782415,-0.274218727,0.117751442,-0.174114792,0.48925366,-1.30550549,0.508780093,3.245085717
1,-0.454312378,0.65139535,0.50586814,0.216465037,0.515414296,0.045254779,-0.784691443,0.534363356,-1.115706648,2.053153478
0,-1.317764389,-0.502936352,1.316711679,-0.536968445,-0.704410052,3.060858287,1.413093294,-0.608468759,1.017906688,-0.094503154
0,0.830529531,-0.358685223,-0.672749968,0.481290511,0.244504756,-1.910371445,0.560410941,-0.342257848,-1.473278539,-0.088645361
0,-1.031775084,-0.286759629,0.986248029,-0.034967372,0.029477943,1.184952175,-0.59640877,-0.909377848,0.338176368,-0.745533196
0,0.729587594,-0.658640711,-0.669286852,0.609102748,-0.552970484,-0.729030547,0.125985449,-0.435082524,-0.77955712,-0.758303648
0,-0.51983783,-0.52367431,0.415735881,-0.495683835,-0.815335025,-0.65762256,1.635405176,-0.909244196,0.485305061,-1.411857976
0,-0.829403836,0.345536361,0.896632662,-0.333625364,-0.139162359,0.240129501,0.972566694,-0.616963485,1.09391511,-0.513690639
0,-0.040850728,1.034513867,0.322100932,0.030082762,0.063601036,0.131535728,-2.647263033,-0.250289588,-0.28372491,0.535972423
1,2.247822063,0.289234627,-2.055881722,0.306422432,1.756292645,-0.478856819,-0.152083388,2.284803755,-1.081510442,0.676020959
1,0.942443022,-0.983049089,-0.786631473,-0.206002938,0.490272864,-0.904443204,0.032890892,0.639830415,-0.293430465,1.961010945
0,-0.50554031,-0.826339929,0.532171284,0.828112336,-0.321709478,-0.467857924,-0.462917221,-0.244404112,-0.217729228,-0.353989657
0,-0.193779377,0.027330385,-0.231398855,-0.187285867,-0.332928489,-0.55770574,0.382512283,-0.211417756,-0.323186957,-1.500554256
0,-0.684958528,-1.071721011,0.288031843,-0.158131464,-0.032033572,-0.469829496,1.09505972,-0.406159869,-0.063846311,1.14202439
0,-0.908736421,0.901484497,1.002672502,-0.05402741,0.220532201,0.707910463,-0.060212557,-0.275877202,0.799664069,-1.14005899
0,-0.956514829,-0.58747188,0.771758825,-0.330555081,-1.086539608,-1.650532546,1.106547532,-0.562205028,0.954485758,-0.382826612
0,-1.166605544,-0.44862219,1.065669175,-0.345842061,0.025317343,2.910174857,0.351212729,-0.220401756,1.49692343,-0.244677917
0,0.155606938,-1.797140597,-0.190100208,-0.836777973,-0.760372173,-0.592943435,0.9364311,-0.276205081,0.130934241,-1.225297279
0,-0.897998986,0.077916953,0.867274079,-0.101731051,-0.461772626,-0.208749943,1.41835836,-0.156617829,0.390586445,-1.121967715
1,2.28222352,0.602502345,-1.820938234,-0.022760514,2.723731641,-2.191832844,0.363604459,2.642107179,-1.386564201,1.981261535
0,0.08259607,-0.469788269,-0.968592603,0.749223201,-0.621488903,-0.364914477,0.648657939,1.233880507,-0.824362101,-0.646950229
0,-0.827244606,0.585319715,1.007045706,-0.191469984,-0.28955494,-0.253307166,-0.47922735,-0.141358743,-0.219639968,0.1791095
1,2.510002615,0.7138592,-3.18727402,0.044834866,0.587816683,-0.862475847,-1.861634235,0.75181085,-1.335274535,0.531403668
0,-1.002178697,0.105411735,1.134319668,0.113253436,-0.434022274,-0.114686611,-0.378076234,0.017966844,0.067236119,-0.749873704
0,-0.264830084,2.284360208,0.338152048,0.201373694,0.28895844,-0.421685823,-0.710951169,0.125089499,-1.083770817,-0.640907631
